<?xml version='1.0' encoding='UTF-8'?>  
<!DOCTYPE hibernate-mapping PUBLIC  
 "-//Hibernate/Hibernate Mapping DTD 3.0//EN"  
 "http://hibernate.sourceforge.net/hibernate-mapping-3.0.dtd">

<hibernate-mapping>
	<class name="com.nik.Person" table="Person">
		<id name="id" column="id">
			<generator class="native"></generator>
		</id>

		<property name="fname" column="First_name"></property>
		<property name="lname" column="Last_name"></property>
		<property name="age"></property>


	</class>

</hibernate-mapping>  